<?xml version="1.0" ?>
<!DOCTYPE modification [
<!ENTITY themeFolder "default">
]>
<modification>
	<id>MultiMerch Core Product Page Mods</id>
	<author>http://multimerch.com/</author>
	
	<file name="catalog/view/theme/&themeFolder;/template/product/product.tpl">
		<!-- seller information on product page -->
		<operation>
			<search position="before"><![CDATA[
			<div class="description">
			]]></search>
			<add><![CDATA[
			<?php if (isset($seller) && !empty($seller)) { ?>
			<div class="ms-sellerprofile description">
				<span><?php echo $ms_catalog_product_sellerinfo; ?></span>
				<div class="seller-data">
					<div class="avatar-box">
						<a style="text-decoration: none" href="<?php echo $seller['href']; ?>"><h2><?php echo $seller['nickname']; ?></h2></a>
						<a href="<?php echo $seller['href']; ?>"><img src="<?php echo $seller['thumb']; ?>" /></a>
					</div>
					<div class="info-box">
						<?php if ($seller['country']) { ?>
							<p><b><?php echo $ms_catalog_seller_profile_country; ?></b> <?php echo $seller['country']; ?></p>
						<?php } ?>
						
						<?php if ($seller['zone']) { ?>
							<p><b><?php echo $ms_catalog_seller_profile_zone; ?></b> <?php echo $seller['zone']; ?></p>
						<?php } ?>
		
						<?php if ($seller['company']) { ?>
							<p><b><?php echo $ms_catalog_seller_profile_company; ?></b> <?php echo $seller['company']; ?></p>
						<?php } ?>

						<?php if ($seller['website']) { ?>
							<p><b><?php echo $ms_catalog_seller_profile_website; ?></b> <?php echo $seller['website']; ?></p>
						<?php } ?>

						<p><b><?php echo $ms_catalog_seller_profile_totalsales; ?></b> <?php echo $seller['total_sales']; ?></p>
						<p><b><?php echo $ms_catalog_seller_profile_totalproducts; ?></b> <?php echo $seller['total_products']; ?></p>
						<?php if ((!$this->customer->getId() || ($this->customer->getId() && $this->customer->getId() != $seller['seller_id'])) && ($this->config->get('msconf_enable_private_messaging') == 2 || ($this->config->get('mmess_config_enable') == 1 && $this->customer->getId()))) { ?>
							<p><a href="index.php?route=seller/catalog-seller/jxRenderContactDialog&product_id=<?php echo $product_id; ?>" class="ms-sellercontact" title="<?php echo $ms_sellercontact_title; ?>"><?php echo $ms_catalog_product_contact; ?></a></p>
						<?php } ?>
					</div>
				</div>
			</div>
			<?php } ?>
			]]></add>
		</operation>
		
		<!-- product attribute tab headers -->
		<operation>
			<search position="before" offset="1"><![CDATA[
				<div id="tab-description" class="tab-content"><?php echo $description; ?></div>
			]]></search>
			<add><![CDATA[
				<?php foreach ($ms_product_attributes as $attribute) { ?>
					<?php if(is_array($attribute['values']) && implode($attribute['values']) != '' && (isset($attribute['tab_display']) && $attribute['tab_display'])) { ?>
					<a href="#tab-attribute-<?php echo $attribute['attribute_id']; ?>"><?php echo $attribute['name'] ?></a>
					<?php } ?>
				<?php } ?>
			]]></add>
		</operation>
		
		<!-- product attribute tab contents -->
		<operation>
			<search position="before"><![CDATA[
				<?php if ($tags) { ?>
			]]></search>
			<add><![CDATA[
				<?php foreach ($ms_product_attributes as $attribute) { ?>
					<?php if(isset($attribute['tab_display']) && $attribute['tab_display']) { ?>
					<div id="tab-attribute-<?php echo $attribute['attribute_id']; ?>" class="tab-content">
						<?php echo implode(',',$attribute['values']); ?>
					</div>
					<?php } ?>
				<?php } ?>
			]]></add>
		</operation>

		<!-- display attributes multimerch-style -->
		<operation>
			<search position="replace" error="skip"><![CDATA[
				<span><?php echo $text_stock; ?></span> <?php echo $stock; ?></div>
			]]></search>
			<add><![CDATA[
				<span><?php echo $text_stock; ?></span> <?php echo $stock; ?><br />
				<?php if ($this->config->get('msconf_attribute_display') != 1) { ?>
				<?php foreach ($ms_product_attributes as $attribute) { ?>
					<?php if(is_array($attribute['values']) && implode($attribute['values']) != '' && (!isset($attribute['tab_display']) || !$attribute['tab_display'])) { ?>
						<?php if ($attribute['attribute_type'] == MsAttribute::TYPE_IMAGE) { ?>
							<?php $attribute['image'] = (!empty($attribute['image']) ? $this->MsLoader->MsFile->resizeImage($attribute['image'], 50, 50) : $this->MsLoader->MsFile->resizeImage('no_image.jpg', 50, 50)); ?>
							<span><?php echo $attribute['name']; ?>:</span><?php echo implode(',',$attribute['values']); ?>
							<img src="<?php echo $attribute['image']; ?>" style="vertical-align: middle; padding: 1px; border: 1px solid #DDDDDD; margin-bottom: 10px" />
							<br />
						<?php } else { ?>
							<span><?php echo $attribute['name']; ?>:</span> <?php echo implode(',',$attribute['values']); ?> <br />
						<?php } ?>
					<?php } ?>
				<?php } ?>
				<?php } ?>
				</div>
			]]></add>
		</operation>

		<!-- display attributes opencart-style -->
		<operation>
			<search position="replace" error="skip"><![CDATA[
				<?php if ($attribute_groups) { ?>
			]]></search>
			<add><![CDATA[
				<?php if ($this->config->get('msconf_attribute_display') != 0 && $attribute_groups) { ?>
			]]></add>
		</operation>
	</file>

	<file name="catalog/controller/product/product.php">
		<operation>
			<search position="after"><![CDATA[
			if ($product_info) {
			]]></search>
			<add><![CDATA[
			$this->document->addScript('catalog/view/javascript/dialog-sellercontact.js');
			$this->document->addStyle('catalog/view/theme/' . $this->config->get('config_template') . '/stylesheet/multiseller.css');
			$this->data = array_merge($this->data, $this->load->language('multiseller/multiseller'));
			$this->load->model('localisation/country');
			$this->load->model('localisation/zone');
			$this->load->model('tool/image');
			
			$seller_id = $this->MsLoader->MsProduct->getSellerId($this->request->get['product_id']);
			$seller = $this->MsLoader->MsSeller->getSeller($seller_id);
			
			if (!$seller) {
				$this->data['seller'] = NULL;
			} else {
				$this->data['seller'] = array();
				if (!empty($seller['ms.avatar'])) {
					$this->data['seller']['thumb'] = $this->MsLoader->MsFile->resizeImage($seller['ms.avatar'], $this->config->get('msconf_seller_avatar_product_page_image_width'), $this->config->get('msconf_seller_avatar_product_page_image_height'));
				} else {
					$this->data['seller']['thumb'] = $this->MsLoader->MsFile->resizeImage('ms_no_image.jpg', $this->config->get('msconf_seller_avatar_product_page_image_width'), $this->config->get('msconf_seller_avatar_product_page_image_height'));
				}
					
				$country = $this->model_localisation_country->getCountry($seller['ms.country_id']);
				
				if (!empty($country)) {
					$this->data['seller']['country'] = $country['name'];
				} else {
					$this->data['seller']['country'] = NULL;
				}
				
				$zone = $this->model_localisation_zone->getZone($seller['ms.zone_id']);
				
				if (!empty($zone)) {			
					$this->data['seller']['zone'] = $zone['name'];
				} else {
					$this->data['seller']['zone'] = NULL;
				}
				
				if (!empty($seller['ms.company'])) {
					$this->data['seller']['company'] = $seller['ms.company'];
				} else {
					$this->data['seller']['company'] = NULL;
				}
				
				if (!empty($seller['ms.website'])) {
					$this->data['seller']['website'] = $seller['ms.website'];
				} else {
					$this->data['seller']['website'] = NULL;
				}
				
				$this->data['seller']['nickname'] = $seller['ms.nickname'];
				$this->data['seller']['seller_id'] = $seller['seller_id'];
				 
				$this->data['seller']['href'] = $this->url->link('seller/catalog-seller/profile', 'seller_id=' . $seller['seller_id']);
				
				$this->data['seller']['total_sales'] = $this->MsLoader->MsSeller->getSalesForSeller($seller['seller_id']);
				$this->data['seller']['total_products'] = $this->MsLoader->MsProduct->getTotalProducts(array(
					'seller_id' => $seller['seller_id'],
					'product_status' => array(MsProduct::STATUS_ACTIVE)
				));
			}

			$this->data['ms_product_attributes'] = $this->MsLoader->MsAttribute->getProductAttributes($this->request->get['product_id'], array('multilang' => 0, 'attribute_type'=> array(MsAttribute::TYPE_TEXT, MsAttribute::TYPE_TEXTAREA, MsAttribute::TYPE_DATE, MsAttribute::TYPE_DATETIME, MsAttribute::TYPE_TIME), 'mavd.language_id' => 0));
			$this->data['ms_product_attributes'] = array_merge($this->data['ms_product_attributes'], $this->MsLoader->MsAttribute->getProductAttributes($this->request->get['product_id'], (array())));
			]]></add>
		</operation>
	</file>
</modification>
